Date,mcash,mbonds,msbonds,mlbonds,mibonds,mstocks,mlstocks,msstocks,mgstocks,mvstocks,mistocks,mdstocks,mestocks,moil,mgold,mreit,musd,mvixi,mmom,msprem,msize,mstyle,mrisk,mcpi,mparity,mtail,mhedge,mlstocks2x,misprem
2007-01-31,109,7.160662,8.528708,6.47698,7.589386,29.046599,109.44192,29.462111,17.7747,14.385218,13.796844,33.954123,19.325036,48.24,64.83,91.4,24.94,10.42,0.24,1.4,0.1,-0.13,0.44,203.437,1200.17,110.55,1.28258591975,37.424652,0.61
2007-02-28,109.12,7.268778,8.608584,6.666734,7.758039,28.57824,107.286771,29.426826,17.840741,14.302498,13.804578,34.068368,19.076766,51.18,66.48,88.13,24.94,15.42,-1.33,-1.96,1.32,-0.1,0.38,204.226,1183.12,108.39,0.686637589821,38.025387,0.56
2007-03-31,109.28,7.270352,8.632868,6.591707,7.782285,28.895044,108.479851,29.785012,18.16343,14.38777,14.19126,35.012809,19.86162,53.35,65.74,85.24,24.79,14.64,2.47,0.68,-0.06,-0.23,0.43,205.288,1190.67,109.6,0.774887750936,41.4011,2.49
2007-04-30,109.4,7.307607,8.673239,6.648708,7.87072,30.05387,113.272432,30.579046,18.805048,14.652678,14.748083,36.384936,20.702536,51.24,67.09,85.49,24.49,14.22,-0.16,3.49,-2.07,-1.15,0.44,205.904,1208.87,114.46,1.92605832309,43.953819,3.75
2007-05-31,109.58,7.25082,8.638874,6.520618,7.730698,31.162311,117.210973,31.928898,19.767474,15.190771,15.204369,37.194336,21.935878,48.96,65.54,85.62,24.92,13.05,-0.27,3.24,-0.01,-0.07,0.41,206.755,1250.2,118.45,2.1490649124,42.173172,1.92
2007-06-30,109.64,7.223215,8.670263,6.463231,7.689753,30.640432,115.248371,31.417191,19.62594,14.809966,15.297174,37.224881,22.920951,53,64.27,77.42,24.88,16.23,0.3,-1.96,0.79,-1.11,0.4,207.234,1237.49,116.47,1.16324842118,39.319363,0.01
2007-07-31,109.57,7.283695,8.76268,6.6175,7.837918,29.595487,111.685105,29.608564,18.767305,13.74206,15.134766,36.522382,23.914032,58.53,65.79,70.4,24.65,23.52,2.79,-3.73,-2.5,-3.34,0.4,207.603,1204.92,115.79,0.558761473359,39.753506,-1.41
2007-08-31,109.86,7.381306,8.863027,6.747971,7.897184,30.025264,113.358516,30.005577,19.003193,13.94074,15.026495,36.102406,23.681779,55.78,66.52,74.1,24.79,23.38,0.09,0.92,-0.1,-2.25,0.42,207.667,1225.41,121.03,-1.21900934086,42.734356,-2.61
2007-09-30,109.8,7.434818,8.927964,6.762695,8.174399,31.104606,117.58229,30.649628,19.62594,14.064915,15.985469,38.072463,26.228551,62.55,73.51,76.47,24.05,18,4.64,3.22,-2.28,-1.91,0.32,208.547,1258.76,123.62,2.9824011079,43.746555,5.29
2007-10-31,109.86,7.50411,8.968246,6.857311,8.323296,31.67999,119.438721,31.452482,20.371349,14.255316,16.928974,39.683633,29.456063,73.27,78.62,77.05,23.75,18.53,4.87,1.8,0.22,-2.62,0.32,209.19,1284.27,124.38,2.79843618567,40.026592,4.3
2007-11-30,110.13,7.640407,9.162521,7.166044,8.442413,30.258452,114.43807,29.317417,18.984324,13.295028,16.155609,38.209909,27.101501,69.91,77.32,70.02,23.82,22.87,0.9,-4.83,-2.61,-1.18,0.34,210.834,1243.37,119.55,-1.19736678182,37.154732,-4.62
2007-12-31,109.6,7.664673,9.185067,7.138403,8.387779,30.075762,113.647518,29.107345,18.969299,13.106271,15.784766,37.240955,27.010483,75.76,82.46,65.7,23.7,22.5,6.54,-0.87,0.19,-0.44,0.27,211.445,1254.44,117.96,0.985957316049,33.82177,-2.12
2008-01-31,110.37,7.802165,9.369375,7.327349,8.673813,28.24706,106.81101,27.293718,17.300835,12.632449,14.435641,34.209716,24.017475,72.35,91.4,65.77,23.44,26.2,-7.81,-6.36,-0.87,3.69,0.21,212.174,1183.23,109.72,-1.85626460962,31.988869,-8.87
2008-02-29,110.28,7.810068,9.471919,7.353339,8.898003,27.379489,103.338098,26.578989,16.950077,12.234776,14.483257,34.036501,25.134756,80.42,96.18,63.01,22.95,26.54,6.11,-3.09,-0.21,-0.88,0.13,212.687,1164.67,105.26,2.41406122423,30.938828,2.07
2008-03-31,110.4,7.833829,9.496434,7.428629,9.127842,27.22204,102.877186,26.437515,16.755031,12.252168,14.380089,34.036501,24.180581,81.45,90.41,65.1,22.4,25.61,4.08,-0.93,0.91,-0.18,0.17,213.448,1169.03,103.62,-1.71958236256,33.907047,-1.53
2008-04-30,110.28,7.802727,9.404794,7.292493,8.794085,28.589122,107.879508,27.885412,17.845482,12.794074,15.221308,36.006085,26.137862,92.59,86.65,68.88,22.61,20.79,-0.2,4.6,-1.65,-0.99,0.18,213.942,1214.47,107.38,1.44930388174,34.705742,5.17
2008-05-31,110.13,7.749257,9.357563,7.137565,8.669897,29.187221,109.265287,29.324371,18.954899,13.327513,15.451452,36.352903,26.610873,103.21,87.45,69.44,22.67,17.83,3.22,1.86,3.15,-1.49,0.18,215.208,1243.48,107.59,1.76997247194,28.959818,1.76
2008-06-30,110.13,7.748606,9.388338,7.266232,8.655123,26.79603,100.031243,26.714581,17.75066,11.786467,14.062647,33.2473,23.854368,113.77,91.4,60.8,22.47,23.95,12.45,-8.44,1.32,-2.47,0.17,217.463,1149.28,98.13,-0.531677425185,28.315239,-7.91
2008-07-31,110.2,7.748855,9.436825,7.288204,8.701907,26.590039,99.199273,27.161463,17.66532,12.260634,13.546805,32.120139,22.859417,100.1,90.08,62.3,22.69,22.94,-5.2,-0.77,2.44,5.89,0.15,219.016,1144.76,96.71,-1.6740566952,28.951588,-4.07
2008-08-31,110.13,7.803245,9.489815,7.419637,8.397808,27.010604,100.633993,28.010538,18.09202,12.734803,12.856371,30.780158,21.081553,93.4,81.71,63.43,23.93,20.65,-4.05,1.53,3.61,1.57,0.13,218.69,1177.29,97.24,-0.856436534341,23.210293,-4.58
2008-09-30,110.3,7.716554,9.540199,7.440297,8.247427,24.506745,91.68173,25.373936,15.797329,11.96428,11.173932,26.949387,17.656309,82.01,85.07,61.95,24.44,39.39,0.33,-9.24,-1.11,6.26,0.15,218.877,1092.5,95,-4.4331658216,15.141432,-14.43
2008-10-31,110.38,7.52123,9.587253,7.170092,7.800985,20.18659,76.286162,19.913044,12.298401,9.441027,8.705826,21.392406,12.771261,55.59,71.34,42.55,26.5,59.89,7.83,-17.23,-2.25,-2.75,0.08,216.995,922.08,100.79,-4.47952402868,12.570598,-21.11
2008-11-30,110.58,7.795445,9.685951,8.03582,7.941967,18.591323,70.812757,17.625009,10.762287,8.450354,8.15824,20.099719,11.768155,42.09,80.31,33.38,26.55,55.28,7.22,-7.86,-3.01,-5.85,0.03,213.153,817.02,94.15,-1.17381994634,12.41465,-5.44
2008-12-31,110.39,8.054795,9.799883,8.748416,8.598737,18.937012,71.571743,18.603326,11.380471,8.901745,8.828908,21.800272,12.733661,33.1,86.52,37.23,24.69,40,-5.05,1.74,3.62,-0.21,0,211.398,862.39,95.15,1.12166042952,10.393259,6.65
2009-01-31,110.33,7.998736,9.791843,8.007666,8.127143,17.373406,65.550725,16.697397,10.529327,7.742164,7.773367,19.012055,11.691039,29.22,91.31,31.34,25.95,44.84,-1.92,-8.12,0.1,-11.25,0,211.933,807.19,87.13,0.356563648676,8.199966,-9.01
2009-02-28,110.23,7.964631,9.791004,7.926913,7.891346,15.557885,58.564964,14.700276,9.467786,6.661051,7.02876,16.998343,10.981715,27.05,92.63,25.14,26.48,46.35,4.17,-10.1,0.15,-7.27,0.01,212.705,735.48,77.81,-0.820408868622,9.346353,-9.95
2009-03-31,110.29,8.082771,9.878846,8.346874,8.046654,16.901884,63.705513,16.092936,10.368707,7.286311,7.68336,18.327229,12.742207,29.05,90.28,25.46,25.64,44.14,-11.53,8.95,-0.1,3.62,0.02,212.495,805.54,84.32,1.6804130133,11.303309,6.08
2009-04-30,110.3,8.111712,9.854299,7.930596,8.070321,18.694375,69.795007,19.030536,12.138273,8.726121,8.665259,20.488757,14.793266,28.63,87.27,33,25.34,36.5,-34.58,10.19,4.74,5.44,0.01,212.709,859.62,91.6,3.56952741408,12.569811,12.37
2009-05-31,110.2,8.181087,9.875282,7.71928,8.456876,19.69992,73.715884,19.742127,12.616535,9.031535,9.908997,23.252206,17.476737,36.4,96.2,33.75,23.73,28.92,-12.33,5.21,-2.35,-0.14,0,213.022,914.07,96.81,5.04212115163,12.446018,13.67
2009-06-30,110.23,8.225488,9.858872,7.773507,8.479414,19.767561,73.878899,19.970202,12.922623,9.022809,9.778077,22.982402,17.092162,37.93,91.18,32.42,23.9,26.35,5.31,0.43,2.6,-2.66,0.01,214.79,936.2,95.36,0.469122770462,14.295465,-0.77
2009-07-31,110.2,8.342999,9.880821,7.835995,8.81194,21.313824,79.47737,21.904274,14.041754,9.982682,10.751794,25.222593,19.066307,36.81,93.35,35.85,23.32,25.92,-5.41,7.72,2.05,5.22,0.01,214.726,992.17,102,2.41330108769,15.351377,9.27
2009-08-31,110.22,8.427522,9.917416,7.968128,8.914864,22.09574,82.337647,22.880433,14.433929,10.593511,11.120006,26.37539,18.946662,36.05,93.4,40.58,23.26,26.01,-8.9,3.33,-0.81,7.85,0.01,215.445,1012.49,104.62,1.45974147908,16.397739,4.19
2009-09-30,110.19,8.527759,9.946742,8.126283,9.230175,23.019374,85.405485,24.330987,15.466973,11.178161,11.700963,27.421905,20.707154,36.19,98.85,42.67,22.79,25.61,-5,4.08,2.49,0.97,0.01,215.861,1046.76,107.67,2.63186588111,15.736073,4.64
2009-10-31,110.22,8.563073,9.970626,8.008425,9.277836,22.428229,83.810431,22.716219,14.405233,10.471345,11.455488,26.816889,20.425134,39.32,102.53,40.55,22.7,30.69,2.64,-2.59,-4.29,-4.26,0,216.509,1041.21,107.63,-0.0409907498949,17.676128,-1.82
2009-11-30,110.22,8.679538,10.056956,8.161471,9.651173,23.689927,88.823458,23.473426,14.826103,10.855294,11.88916,27.626302,21.630131,39.15,115.64,43.42,22.17,24.51,0.32,5.56,-2.48,-0.12,0,217.234,1107.6,109.57,1.70831116437,18.318027,2.32
2009-12-31,110.19,8.534091,9.943855,7.699971,9.177445,24.368654,90.55223,25.324559,16.143333,11.603647,12.070779,28.007419,22.419506,39.28,107.31,45.92,23.08,21.68,2.94,2.75,6.11,0,0.01,217.347,1139.42,110.39,1.15444203358,16.947187,1.24
2010-01-31,110.22,8.66863,10.038493,7.90514,9.153524,23.516416,87.288931,24.477029,15.558221,11.248251,11.459282,26.592395,21.009094,35.64,105.96,43.43,23.45,24.62,-5.36,-3.36,0.37,0.3,0,217.488,1094.53,106.5,-0.462104904785,17.982128,-4.02
2010-02-28,110.22,8.686102,10.058014,7.888993,9.12163,24.30651,89.987768,25.69305,16.287213,11.834653,11.484412,26.575648,21.234068,38.82,109.43,45.8,23.64,19.5,3.61,3.4,1.19,3.18,0,217.281,1133.05,107.4,0.707687378957,20.128679,-0.21
2010-03-31,110.2,8.679573,10.021873,7.769858,9.040556,25.830272,95.401476,27.769528,17.61091,12.781817,12.255066,28.233488,22.964636,40.29,108.95,49.78,23.8,17.59,3.68,6.31,1.49,2.15,0.01,217.353,1168.63,112.96,2.28138448885,20.774748,6.3
2010-04-30,110.19,8.760357,10.049919,7.955877,8.984552,26.391607,96.906926,29.308185,18.474189,13.572903,12.045649,27.565191,23.025205,41.33,115.36,52.96,23.96,22.05,3.21,2,4.99,2.83,0.01,217.403,1175.34,116.13,1.1838815075,17.431747,-0.66
2010-05-31,110.2,8.837173,10.098566,8.293091,8.608529,24.279921,89.158269,27.023234,17.083349,12.488493,10.747265,24.473531,20.8793,34.04,118.88,49.95,25.34,32.07,-0.19,-7.89,0,-2.41,0.01,217.29,1092.45,121.87,-2.3384849951,15.493281,-10.7
2010-06-30,110.23,8.979374,10.155667,8.68031,8.7442,22.904851,84.477669,24.977835,15.865166,11.48408,10.621615,24.062986,20.870649,33.96,121.68,47.21,25.06,34.54,-2.98,-5.56,-2.01,-4.52,0.01,217.199,1054.52,116.12,-0.422372867523,17.710199,-1.21
2010-07-31,110.2,9.063355,10.194099,8.665632,9.145678,24.507026,90.387812,26.765255,16.958654,12.337387,11.718958,26.660314,22.800231,35.34,115.49,51.65,23.74,23.5,1.94,6.93,0.21,-0.21,0.01,217.605,1128.97,121.37,1.51849543126,16.071262,9.23
2010-08-31,110.22,9.198016,10.231628,9.279569,9.29824,23.343435,86.29343,24.99626,15.855574,11.510746,11.342009,25.721925,22.289714,31.92,122.08,50.98,24.12,26.05,-0.15,-4.77,-2.99,-1.96,0.01,217.923,1097.36,114.77,0.386117001232,18.977966,-3.25
2010-09-30,110.24,9.197238,10.249471,9.110709,9.651957,25.552824,93.98587,27.990652,18.013774,12.710708,12.523119,28.294118,24.781731,34.84,127.91,52.88,22.84,23.7,1.36,9.54,3.92,-3.12,0.01,218.275,1164.95,124.1,3.1366779614,20.475513,10.01
2010-10-31,110.23,9.23034,10.275789,8.811412,9.845319,26.560187,97.54635,29.133129,18.829092,13.164027,12.967082,29.374942,25.517222,35.17,132.62,54.96,22.37,21.2,1.25,3.88,1.14,-2.52,0.01,219.035,1192.71,127.15,2.15540740856,20.393318,3.98
2010-11-30,110.22,9.177873,10.244774,8.670834,9.257178,26.71309,97.54635,30.026839,19.558084,13.466239,12.380715,27.900328,24.824996,36.04,135.42,54.09,23.5,23.54,2.51,0.6,3.68,-0.91,0.01,219.59,1206.95,126.78,0.238355125409,23.231361,-4.28
2010-12-31,110.24,9.072909,10.19515,8.360736,9.473483,28.533004,104.053282,32.343878,21.097985,14.482961,13.413556,30.153951,26.641497,39,138.72,55.96,22.71,17.75,-3.19,6.82,0.68,3.78,0.01,220.472,1267.59,133.68,2.73768494499,24.242064,8.26
2011-01-31,110.22,9.080633,10.220928,8.162018,9.49077,29.156825,106.505931,32.623105,21.31936,14.573423,13.507179,30.874148,25.903895,38.61,129.87,57.96,22.36,19.53,-0.33,1.99,-2.48,0.82,0.01,221.187,1292.09,135.36,0.367126782304,25.924932,2.13
2011-02-28,110.22,9.095305,10.198011,8.26291,9.594495,30.205567,110.144468,34.363623,22.609109,15.251888,13.873157,31.971593,25.68437,39.19,137.72,60.58,22.09,18.35,2.07,3.49,1.53,1.1,0.01,221.898,1315.02,139,1.11080786971,25.760513,3.41
2011-03-31,110.23,9.095354,10.184628,8.26448,9.659953,30.342349,110.176977,35.193929,23.342615,15.479902,13.813579,31.165657,27.11567,42.58,139.82,59.4,21.79,17.74,3.55,0.45,2.58,-1.57,0.01,223.046,1307.73,143.46,0.303039055611,27.307489,-1.59
2011-04-30,110.28,9.215395,10.257311,8.433103,10.155112,31.249987,113.424905,36.227125,24.16081,15.85084,14.537027,33.142402,28.055236,45.15,152.36,62.18,20.95,14.75,0.07,2.9,-0.31,-2.53,0,224.093,1348.52,146.54,1.49456928462,26.657887,5.7
2011-05-31,110.26,9.335763,10.310903,8.710825,10.059555,30.886931,112.125731,35.501094,23.689145,15.51609,14.119981,32.161807,27.264946,40.5,149.64,62.8,21.34,15.45,-0.59,-1.27,-0.72,-2.09,0,224.806,1361.21,143.27,-0.828139863908,25.639856,-2.79
2011-06-30,110.27,9.299362,10.307076,8.536768,10.101646,30.334642,110.249273,34.78437,23.227104,15.190389,13.907202,31.791933,26.852241,37.26,145.98,60.3,21.23,16.52,1.75,-1.75,-0.2,-0.33,0,224.806,1334.63,139.48,-1.05266905182,24.579069,-1.38
2011-07-31,110.2,9.445707,10.360733,8.894186,10.363346,29.651224,107.992631,33.490545,22.312652,14.665645,13.694424,31.22422,26.632716,37.43,158.41,60.53,21.03,25.25,0.03,-2.36,-1.34,-1.16,0,225.395,1326,137.08,0.459953541141,21.430269,-1.18
2011-08-31,110.24,9.584428,10.414408,9.666127,10.468027,27.865225,102.110853,30.707425,20.416364,13.480451,12.536908,28.394256,24.349661,34.51,177.65,57.18,21.06,31.62,-0.3,-5.99,-3.03,-2.4,0.01,226.106,1235.6,140.15,-2.21171692821,18.422173,-8.57
2011-09-30,110.25,9.670279,10.391396,10.648705,10.020488,25.700562,94.903517,27.328583,18.086918,12.050981,10.996393,25.512683,20.415782,30.5,158.08,50.57,22.31,42.96,-2.58,-7.59,-3.54,-1.37,0,226.597,1186.53,129.99,-2.54861645705,22.482748,-10.33
2011-10-31,110.23,9.686304,10.407724,10.294625,10.186912,28.657912,105.261102,31.498612,21.013166,13.779011,12.119863,27.86095,23.173009,35.74,167.34,57.24,21.57,29.96,-1.45,11.35,3.44,-0.22,0,226.75,1320.36,141.83,2.02902645146,22.13274,8.76
2011-11-30,110.21,9.657313,10.403887,10.481572,9.906619,28.575509,105.01514,31.368299,20.878405,13.75187,11.770906,27.05239,22.382721,38.78,170.13,55.14,22.06,27.8,3.98,-0.28,-0.18,-0.42,0,227.169,1335.5,140.64,-0.81726965129,22.550797,-4.62
2011-12-31,110.23,9.761688,10.426108,10.811435,9.955926,28.808484,106.088879,31.439937,20.766167,13.882584,11.470395,26.489006,21.652828,38.11,151.99,56.79,22.47,23.4,1.87,0.74,-0.67,1.71,0,227.223,1359.53,141.6,0.0451987581091,24.577816,-1.31
2012-01-31,110.21,9.846977,10.450267,10.819835,10.176352,30.272386,110.825315,33.625097,22.244634,14.833319,12.304765,27.967048,24.059696,37.82,169.31,60.54,22.12,19.44,-7.95,5.05,2.15,-1.11,0,227.842,1394.59,145.72,2.27419676588,26.653927,6.02
2012-02-29,110.2,9.84256,10.435768,10.591505,10.102877,31.561354,115.598398,34.698839,23.104656,15.202536,12.937129,29.436188,25.397843,40.92,164.29,60.14,21.96,18.43,-0.28,4.42,-1.72,0.11,0,228.329,1438.26,150.43,1.96114231227,28.375099,5.36
2012-03-31,110.19,9.785489,10.422242,10.190857,10.075137,32.529565,119.39323,35.497564,23.627439,15.559742,12.840518,29.4718,24.670393,39.23,162.14,62.29,21.91,15.5,1.49,3.11,-0.63,0.89,0,228.807,1474.59,153.87,-0.0546963805621,27.983849,-0.25
2012-04-30,110.19,9.89737,10.455206,10.636419,10.27793,32.316953,118.629657,35.167838,23.405176,15.421228,12.612164,28.848532,24.239312,39.68,161.88,63.91,21.81,17.15,3.84,-0.85,-0.54,-0.46,0,229.187,1471.59,151.33,-0.231659061756,24.801428,-1.45
2012-05-31,110.22,9.991593,10.462,11.465092,10.10279,30.301765,111.490723,32.784374,21.704387,14.451629,11.215692,25.607523,21.554039,32.61,151.62,61.22,22.99,24.06,6.64,-6.19,0,-0.52,0.01,228.713,1398.64,141.92,-1.62963622584,26.575394,-11.25
2012-06-30,110.21,9.995196,10.448416,11.299639,10.148127,31.487487,116.075915,34.263439,22.728727,15.070325,11.883188,27.415009,22.595817,31.82,155.19,63.97,22.47,17.08,-1.13,3.89,0.79,0.41,0,228.524,1463.63,145.24,0.262054506835,27.277023,5.81
2012-07-31,110.21,10.133952,10.478519,11.675019,10.268278,31.812577,117.666117,33.980815,22.438818,15.005686,11.935885,27.584181,22.73951,32.68,156.54,65.43,22.71,18.93,3.06,0.79,-2.6,-0.25,0,228.59,1494.55,146.82,1.14832297063,28.53574,0.79
2012-08-31,110.23,10.136758,10.490175,11.542788,10.397671,32.602085,120.301053,35.158415,23.337531,15.44893,12.26085,28.412241,22.8383,35.89,164.22,65.63,22.3,17.47,-2.44,2.55,0.39,1.34,0.01,229.918,1520.75,147.93,0.752922828785,29.86763,2.96
2012-09-30,110.22,10.147649,10.493092,11.308812,10.572373,33.442477,123.400571,36.119337,23.946337,15.892175,12.705279,29.231399,24.053817,34.13,172.02,64.39,21.92,15.73,-1.03,2.73,0.48,1.57,0.01,231.015,1543.47,150.69,0.999232453735,28.682375,3.42
2012-10-31,110.21,10.159507,10.476576,11.260451,10.53531,32.85462,121.105912,35.591771,23.38585,15.799833,12.776707,29.525225,23.953859,31.78,166.86,64.03,21.89,18.6,0.12,-1.76,-1.09,3.64,0.01,231.638,1523.26,146.82,-0.159564419479,28.951206,0.77
2012-11-30,110.22,10.17952,10.489211,11.41244,10.507512,33.097229,121.784086,36.006288,23.743401,15.929112,13.008848,30.228631,24.271909,32.56,166.05,63.63,21.92,15.87,0.35,0.78,0.54,-0.81,0.01,231.249,1503.47,145.14,0.526220045355,29.498655,1.8
2012-12-31,110.26,10.158816,10.498984,11.186641,10.441532,33.491059,122.875061,37.109188,24.402764,16.457284,13.552194,31.443786,25.689888,33.37,162.02,64.67,21.81,18.02,-2.92,1.18,1.49,3.52,0.01,231.221,1509.43,146.71,1.33569982586,32.589668,3.29
2013-01-31,110.23,10.086486,10.492145,10.820472,10.283608,35.332878,129.235348,39.46563,25.894422,17.526062,14.004537,32.801335,25.845807,35.28,161.2,67.27,21.62,14.28,-1.91,5.57,0.44,0.95,0,231.612,1565.99,150.87,2.15347839581,33.294834,5.27
2013-02-28,110.22,10.141603,10.504858,10.957004,10.069947,35.783939,130.965725,39.992476,26.138157,17.828725,13.832647,32.388569,25.396395,33.06,153,68.12,22.37,15.51,1.37,1.29,-0.43,0.11,0,232.985,1578.77,152.4,0.247202451977,35.738445,-0.94
2013-03-31,110.23,10.14994,10.507793,10.960506,10.059927,37.17196,135.857049,41.86619,27.406563,18.645942,13.95654,32.782993,24.99661,34.75,154.47,69.48,22.6,12.7,1.95,4.03,0.84,-0.26,0,232.299,1625.23,158.11,0.803323442142,37.136074,0.81
2013-04-30,110.25,10.242229,10.520513,11.384986,10.218278,37.804235,138.449987,41.92367,27.279815,18.636483,14.437174,34.452412,25.336264,33.16,142.77,73.46,22.2,13.52,0.28,1.55,-2.43,0.57,0,231.795,1646.38,159.88,0.791023066081,38.826302,4.4
2013-05-31,110.24,10.06754,10.484303,10.675354,9.901577,38.681867,141.672383,43.437369,28.440036,19.20409,14.010951,33.480112,24.390743,32.61,133.92,68.69,22.61,16.3,-1.92,2.8,1.69,2.49,0,231.916,1639.91,162.96,0.473358336827,37.591702,-1.49
2013-06-30,110.22,9.90088,10.457874,10.328104,9.797454,38.189571,139.760767,43.006252,28.215792,18.986508,13.486302,32.516986,22.894395,34.18,119.11,66.43,22.56,16.86,0.63,-1.2,1.17,-0.13,0,232.374,1619.3,159.16,-1.31316423812,41.535469,-3.74
2013-07-31,110.25,9.920423,10.470603,10.12885,10.01227,40.284357,146.849817,45.870782,30.097495,20.254167,14.101821,34.268959,23.117574,37.36,127.96,66.59,22.1,13.45,1.76,5.65,1.88,0.61,0,232.889,1654.25,164.71,1.1831922562,39.010593,5.49
2013-08-31,110.25,9.857223,10.453953,9.998796,9.937551,39.146915,142.573724,44.414566,29.51251,19.402754,13.87215,33.700256,22.382944,38.48,134.62,62.24,22.19,17.01,0.05,-2.71,0.25,-2.77,0,233.323,1619.99,159.84,-0.322074881418,41.49625,-1.03
2013-09-30,110.26,9.952297,10.496086,10.086397,10.189864,40.580189,147.019321,46.943782,31.325965,20.43391,14.872497,36.204385,23.981292,36.85,128.18,63.79,21.63,16.6,2.98,3.77,2.94,-1.2,0,233.632,1647.2,162.64,1.34228532435,45.306717,7.07
2013-10-31,110.24,10.029834,10.509809,10.219931,10.358291,42.29404,153.76237,48.476639,32.115692,21.228562,15.379932,37.396826,25.096483,34.69,127.74,66.17,21.62,13.75,0.14,4.18,-1.52,1.1,0,233.718,1721.08,167.26,1.58901559354,47.922455,3.31
2013-11-30,110.24,9.995262,10.523535,9.965608,10.283434,43.512781,158.418951,49.789151,32.866424,21.862392,15.398385,37.626142,24.59043,33.46,120.7,63.1,21.7,13.7,0.45,3.12,1.25,0.26,0,234.121,1754.5,172.01,0.999532024197,50.332069,0.62
2013-12-31,110.25,9.930551,10.489195,9.72885,10.301932,44.657306,162.405783,51.074364,33.671379,22.451939,15.59055,38.263367,24.352976,35.32,116.12,63.08,21.52,13.72,0.06,2.81,-0.48,-0.31,0,234.723,1798.22,175.21,1.01786347589,46.734444,1.7
2014-01-31,110.24,10.083902,10.522592,10.337803,10.378526,43.269841,156.771721,50.017787,33.279512,21.816779,14.845926,36.560476,22.582534,34.8,120.09,65.25,21.83,18.41,1.65,-3.32,0.87,-2.13,0,235.385,1759.11,168.55,-0.289617025002,50.968746,-3.2
2014-02-28,110.26,10.131985,10.525541,10.399648,10.58916,45.317551,163.921541,52.547757,34.984142,22.913873,15.646396,38.752597,23.354747,36.74,127.62,68.35,21.38,14,2.09,4.65,0.34,-0.37,0,235.672,1836.91,176.26,1.70127650277,51.730133,5.32
2014-03-31,110.27,10.116928,10.503926,10.456186,10.5882,45.549239,165.269869,52.383932,34.203286,23.216049,15.710495,38.526801,24.257068,36.59,123.61,67.67,21.46,13.88,-3.25,0.43,-1.85,5.03,0,235.978,1848.87,176.67,-0.189868390615,52.383736,-0.23
2014-04-30,110.27,10.195566,10.527535,10.656128,10.732192,45.57806,166.466575,51.162542,32.919804,22.946542,15.916718,39.112929,24.379768,36.32,124.22,69.72,21.28,13.41,-3.9,-0.19,-4.19,1.1,0,236.471,1861.95,175.92,-0.0217033289213,54.693119,1.09
2014-05-31,110.27,10.302764,10.541311,10.955743,10.741791,46.567637,170.353473,51.763545,33.145151,23.3123,16.21668,39.747451,25.28587,37.68,120.43,71.67,21.47,11.4,1.02,2.06,-1.85,-0.36,0,236.832,1899.93,179.61,1.02243940214,56.889496,1.42
2014-06-30,110.27,10.314231,10.545253,10.92965,10.856322,47.749393,173.850293,54.332333,35.065472,24.313325,16.498535,40.135739,26.043468,38.88,128.04,71.79,21.26,11.57,0.7,2.61,3.01,-0.66,0,237.029,1908.96,183.32,1.07736914784,55.29715,1.48
2014-07-31,110.26,10.287588,10.53049,10.99496,10.750454,46.804243,171.43718,51.64722,33.243125,23.167922,16.233193,39.160281,26.424499,36.32,123.39,71.71,21.74,16.95,-0.26,-2.04,-4.22,-0.02,0,237.424,1894.77,180.79,-0.101333336907,59.649128,-1.94
2014-08-31,110.27,10.404058,10.545269,11.459746,10.750454,48.762057,178.272732,54.216011,34.830329,24.36145,16.40377,39.217105,27.36755,35.76,123.86,74.2,22.02,11.98,0.76,4.24,0.4,-0.55,0,237.256,1950.42,188.02,1.10707493528,57.873913,-0.24
2014-09-30,110.25,10.328534,10.530484,11.231739,10.325757,47.718904,175.744521,51.337027,33.115756,22.985042,15.581088,37.701835,25.406474,34.41,116.21,69.2,22.87,16.31,0.49,-1.97,-3.8,-1.19,0,237.486,1919.59,185.38,-0.206687460169,60.432804,-4.11
2014-10-31,110.27,10.425324,10.574856,11.525078,10.258205,49.026402,180.003169,53.6344,34.418833,24.120819,15.533467,37.40825,25.993296,30.63,112.66,74.98,23.09,14.03,0.03,2.52,4.28,-1.68,0,237.506,1900.25,188.93,-0.290493252131,63.778156,-1.8
2014-11-30,110.26,10.493559,10.589655,11.855169,10.142402,50.207996,184.83158,54.157849,34.722555,24.380701,15.495372,37.588187,25.733555,25.58,112.11,77.02,23.47,13.33,1.02,2.55,-2.05,-2.98,0,237.118,1899.64,192.02,1.02388587087,63.123844,0.81
2014-12-31,110.25,10.503314,10.563997,12.187851,10.103166,50.206486,184.362842,54.846326,34.979233,24.791171,14.930165,36.203698,24.453749,20.36,113.58,76.84,23.97,19.2,1.04,-0.06,2.59,2.12,0,236.29,1909.24,202.93,0.0561918536307,59.353794,-2.91
2015-01-31,110.26,10.745978,10.629234,13.281077,9.995268,48.814565,178.809334,53.658285,34.682796,23.969364,14.949367,36.485776,24.617933,17.82,123.45,81.23,25.13,20.97,3.76,-3.11,-0.51,-3.47,0,234.913,1865.23,196.74,0.782304156679,66.12117,-0.28
2015-02-28,110.28,10.629894,10.584741,12.529754,9.995268,51.627607,189.06196,56.780579,36.747954,25.339042,15.775088,38.664614,25.487142,18.1,116.16,79.12,25.2,13.34,-2.88,6.13,0.51,-1.73,0,235.489,1945.14,203.84,1.56598200888,63.730656,5.65
2015-03-31,110.27,10.67264,10.619371,12.670982,9.876549,51.090759,186.056968,57.45197,37.178714,25.649063,15.532202,38.129633,24.957845,16.84,113.66,79.32,25.9,15.29,3.02,-1.12,3.07,-0.45,0,235.989,1932.7,198.68,0.715652884437,65.145454,-1.28
2015-04-30,110.28,10.633797,10.624322,12.281866,10.033944,51.305838,187.822804,56.479538,36.358451,25.326002,16.321813,39.617854,26.901482,20.51,113.47,75.5,24.91,14.55,-7.41,0.59,-3.01,1.84,0,236.201,1956.36,199.6,0.933492169305,66.649437,4.89
2015-05-31,110.28,10.586121,10.630266,12.0172,9.699479,52.019505,190.213025,57.60913,37.366487,25.668641,16.167743,39.588675,25.992517,20.31,114.1,75.25,25.46,13.84,5.93,1.36,0.9,-1.32,0,236.891,1983.95,200.35,0.735989089502,63.77013,-0.42
2015-06-30,110.29,10.479792,10.626307,11.568982,9.649104,51.129348,186.531995,57.108179,37.277543,25.296632,15.732632,38.460349,25.371701,19.88,112.37,71.3,25.03,18.23,3.05,-1.53,2.85,-0.8,0,237.419,1957.67,197.8,-1.14943983004,66.616432,-2.59
2015-07-31,110.27,10.560059,10.643176,12.055691,9.639239,51.963671,190.412369,56.941198,37.475194,25.0421,15.606149,39.102327,23.645137,15.59,104.93,74.83,25.43,12.12,10.24,1.54,-4.07,-4.21,0,237.876,2008.32,198.58,-0.0470518070394,58.305462,0.78
2015-08-31,110.28,10.522838,10.63028,11.969534,9.698435,48.842317,178.908447,53.611362,34.846396,23.837965,14.467794,36.271786,21.440598,15.89,108.82,70.5,25.06,28.43,-2.17,-6.04,0.52,2.71,0,237.811,1898.44,200.09,-1.91096042009,55.12571,-6.33
2015-09-30,110.31,10.602369,10.676934,12.19855,9.657778,47.399198,174.439349,51.199176,32.914283,22.983293,13.903675,34.579296,20.744107,14.68,106.86,70.95,25.1,24.5,5.25,-3.08,-2.61,0.58,0,237.467,1871.37,185.69,-0.74265293249,64.684799,-4.64
2015-10-31,110.27,10.603413,10.663032,12.140201,9.707254,51.117363,189.131879,54.109007,34.433403,24.497045,14.773876,36.962398,21.900401,14.81,109.3,75.36,25.25,15.07,-3.91,7.75,-1.93,-0.11,0,237.792,1992.9,198.32,1.35088206961,65.071121,6.84
2015-11-30,110.25,10.574875,10.629248,12.042149,9.469767,51.393512,189.673496,55.088849,35.257499,24.82354,14.578325,36.583048,21.188836,12.93,101.92,75.21,26.08,16.13,2.31,0.56,3.62,-0.57,0,238.153,2009.71,196.5,0.507214819296,62.406464,-1.31
2015-12-31,110.22,10.534465,10.612353,12.002236,9.508266,50.346729,186.634057,52.773235,34.056471,23.608687,14.275969,35.879677,20.659087,11,101.46,75.08,25.65,18.21,3.39,-2.17,-2.81,-2.46,0.01,237.846,1985.49,191.7,-0.691977109808,56.114082,-1.22
2016-01-31,110.3,10.685064,10.699057,12.630667,9.428866,47.491305,177.345933,48.732895,30.967675,22.083938,13.477934,33.792604,19.418152,9.65,106.95,72,25.86,20.2,1.39,-5.77,-3.36,2.26,0.01,238.106,1891.44,181.98,-1.75228140259,55.766281,-6.75
2016-02-29,110.33,10.755563,10.715015,12.991954,9.686919,47.471475,177.08847,49.180713,30.997567,22.432737,13.172513,32.764048,19.249385,9,118.64,71.46,25.49,20.55,-4.12,-0.07,0.83,-0.48,0.02,237.808,1917.81,180.44,0.00965354250758,63.417747,-1.09
2016-03-31,110.36,10.85704,10.742963,12.999292,10.222481,50.799327,189.091231,53.287219,33.392752,24.43,14.250821,34.90105,21.760049,9.7,117.64,77.86,24.54,13.95,-5.06,6.96,0.86,1.11,0.02,238.078,1977.87,190.42,1.42486691115,63.795349,7.01
2016-04-30,110.4,10.897919,10.739972,12.918109,10.570861,51.118009,189.797864,54.205106,33.821631,24.93,14.567067,35.689999,21.92904,11.3,123.65,76.56,24.1,15.7,-6.15,0.92,0.68,3.25,0.01,238.908,1995.89,190.9,0.839077183835,65.822502,3.24
2016-05-31,110.37,10.9,10.73,13.016616,10.292157,52.034207,193.181788,55.252692,34.679391,25.290001,14.418827,35.610001,21.183493,11.87,116.06,78.25,24.84,14.19,1.89,1.78,-0.27,-1.79,0.01,239.362,2024.95,190.65,0.370922341994,65.842384,-0.92
2016-06-30,110.45,11.09,10.8,13.86129,10.63,52.150002,193.669998,55.389999,34.84,25.24,14.28,34.689999,22.25,11.57,126.47,82.39,24.84,15.63,4.28,-0.05,0.61,-1.49,0.02,239.842,2055.18,189.36,0.312582651152,70.804901,-3.29
2016-07-31,110.42,11.14,10.78,14.14,10.83,54.209999,200.789993,58.200001,36.779999,26.42,14.91,36.139999,23.290001,9.76,128.98,85.4,24.67,11.87,-3.17,3.95,2.9,-0.98,0.02,239.898,2086.43,194.87,1.57848807464,70.874535,5.04
2016-08-31,110.39,11.1,10.74,13.97,10.85,54.349998,201.050003,58.560001,36.959999,26.610001,15.02,36.330002,23.68,10.36,124.78,82.54,24.82,13.42,-3.16,0.5,0.94,3.18,0.02,240.389,2101.12,193.13,0.280656937453,70.615837,0.1
2016-09-30,110.43,11.07,10.76,13.76,10.83,54.18,200.210007,58.529999,37.080002,26.540001,15.14,36.82,23.700001,10.93,125.64,80.64,24.68,13.29,-0.52,0.25,2,-1.34,0.02,241.006,2101.36,191.09,0.51600925016,68.078873,1.58
2016-10-31,110.44,10.96,10.74,13.15,10.44,52.98,196.539993,56.119999,35.07,25.74,14.88,35.990002,23.85,10.53,121.94,76.64,25.42,17.06,0.58,-2.02,-4.41,4.15,0.02,241.694,2081.47,187.4,-0.302713457521,72.998558,-1.68
2016-11-30,110.33,10.65,10.67,12.09,9.93,55.330002,203.809998,60.950001,37.360001,28.379999,14.56,35.32,22.809999,10.93,111.75,74.85,26.25,13.33,-4.16,4.86,5.68,8.44,0.01,242.199,2144.47,190.76,0.292090050067,75.826866,-2.19
2016-12-31,110.3,10.65,10.64,11.74,9.92,56.060001,206.570007,61.75,37.43,29,14.73,35.32,22.68,11.72,109.61,76.94,26.46,14.04,-0.3,1.82,-0.04,3.52,0.03,242.821,2152.65,193.66,0.87924575656,78.550461,2.79
